,Emp ID,First Name,Last Name,DOB,SSN,State
0,232,John,Mathews,02/24/1991,***-**-9165,OR
1,533,Nathan,Moore,11/19/1978,***-**-7469,OR
2,256,Amanda,Douglas,01/08/1990,***-**-6961,OR
3,189,Heather,Andrews,08/11/1976,***-**-1797,OR
4,284,Daniel,Hernandez,07/22/1976,***-**-7473,OR
5,512,Danny,Pena,01/31/1978,***-**-9878,OR
6,126,Gary,Knight,03/08/1994,***-**-1242,OR
7,556,Robin,Carroll,10/14/1972,***-**-7194,OR
8,595,Michelle,Dickerson,02/08/1984,***-**-2817,OR
9,191,Kimberly,Gallegos,08/05/1972,***-**-7563,OR
10,55,Morgan,Parker,01/30/1986,***-**-4320,OR
11,623,Mason,Rhodes,01/28/1977,***-**-4767,OR
12,426,Amy,Griffin,02/18/1973,***-**-1946,OR
13,535,Danielle,House,04/16/1975,***-**-9308,OR
14,399,Charles,Greene,11/28/1992,***-**-2935,OR
15,33,Nicholas,Martinez,04/05/1979,***-**-1689,OR
16,302,Tracey,Meadows,01/12/1988,***-**-6175,OR
17,325,Renee,Evans,03/14/1991,***-**-2708,OR
18,188,Joseph,Estrada,03/29/1984,***-**-2571,OR
19,184,Jeremy,Warner,10/20/1987,***-**-1184,OR
20,526,Anthony,Rodriguez,02/09/1983,***-**-3865,OR
21,85,Kristen,Lopez,01/02/1978,***-**-8194,OR
22,171,Mark,Mcdonald,06/27/1984,***-**-0101,OR
23,74,Robert,Freeman,01/01/1984,***-**-5211,OR
24,69,Michael,Reynolds,10/30/1994,***-**-8507,OR
25,365,Kristine,Little,07/10/1974,***-**-1771,OR
26,149,April,Barnes,02/15/1983,***-**-3288,OR
27,218,Pamela,Hodges,02/19/1989,***-**-1423,OR
28,647,Ronald,Gilbert,05/26/1974,***-**-4448,OR
29,518,Thomas,Cooper,08/17/1972,***-**-9890,OR
30,12,Dakota,Harrington,08/24/1972,***-**-7188,OR
31,622,Jennifer,Porter,01/20/1991,***-**-5572,OR
32,159,Beverly,Jordan,08/15/1986,***-**-3762,OR
33,394,Mark,Brown,04/02/1975,***-**-8531,OR
34,158,Amy,Ford,06/05/1974,***-**-6461,OR
35,446,Benjamin,King,05/07/1973,***-**-8165,OR
36,352,Stephen,Bryant,05/15/1991,***-**-6488,OR
37,598,Brandi,Williams,10/15/1989,***-**-8500,OR
38,505,Ashley,Hutchinson,04/26/1994,***-**-1510,OR
39,173,Alisha,Pacheco,01/13/1982,***-**-2496,OR
40,84,Robert,Campbell,02/27/1973,***-**-9581,OR
41,406,Sandra,Sanders,10/06/1980,***-**-1673,OR
42,164,Katherine,Hensley,05/29/1991,***-**-7226,OR
43,267,Stacy,Cox,11/08/1976,***-**-0990,OR
44,503,Frank,Barton,06/10/1993,***-**-5568,OR
45,295,Shannon,Kramer,05/04/1980,***-**-7615,OR
46,590,Brenda,James,12/31/1977,***-**-3251,OR
47,97,Paula,Edwards,08/10/1988,***-**-0638,OR
48,3,Jennifer,Rowe,09/16/1980,***-**-9014,OR
49,20,David,Foster,01/09/1990,***-**-6956,OR
50,179,William,Boyle,01/30/1988,***-**-0490,OR
51,86,Christopher,Greene,05/29/1972,***-**-8446,OR
52,219,Matthew,Fuller,04/27/1980,***-**-2989,OR
53,237,Gabriela,Nguyen,12/17/1981,***-**-3729,OR
54,96,Allison,Diaz,03/25/1994,***-**-8927,OR
55,22,Isaac,Jordan,05/06/1986,***-**-0520,OR
56,439,Cheryl,Bailey,10/31/1991,***-**-1224,OR
57,146,Julie,Castillo,02/16/1988,***-**-4523,OR
58,271,Michael,Adams,12/10/1986,***-**-3927,OR
59,103,Melinda,Parsons,02/07/1986,***-**-8751,OR
60,540,Robert,Campbell,01/17/1987,***-**-3694,OR
61,144,Julie,Nelson,08/08/1994,***-**-1332,OR
62,594,Steven,Nelson,04/14/1989,***-**-2085,OR
63,176,Hailey,Lynn,03/25/1973,***-**-9488,OR
64,198,Dillon,Nguyen,05/26/1978,***-**-4552,OR
65,433,Hannah,Miller,10/18/1973,***-**-4657,OR
66,274,Jeffrey,Harris,05/25/1994,***-**-4763,OR
67,6,Daniel,Welch,08/08/1982,***-**-6950,OR
68,452,Bryan,Jackson,09/08/1982,***-**-8117,OR
69,23,Denise,George,09/07/1990,***-**-4879,OR
70,373,Alicia,Carney,09/10/1989,***-**-9437,OR
71,374,William,Peters,03/20/1986,***-**-7516,OR
72,200,Dustin,Drake,09/17/1993,***-**-5454,OR
73,428,Jessica,Thornton,01/03/1983,***-**-2381,OR
74,116,Rebecca,Wilson,06/08/1980,***-**-6629,OR
75,418,Katherine,Lane,11/01/1986,***-**-6820,OR
76,9,Sarah,Harper,07/27/1993,***-**-5891,OR
77,230,Jermaine,Hill,09/11/1988,***-**-5479,OR
78,502,Michael,Marshall,04/05/1990,***-**-5125,OR
79,632,Kirsten,Mcbride,09/10/1973,***-**-2372,OR
80,112,Rachael,Holmes,07/30/1973,***-**-2067,OR
81,422,Leon,Foster,09/19/1975,***-**-3153,OR
82,131,David,Mcclain,08/02/1976,***-**-5430,OR
83,404,Emily,Lawrence,11/24/1991,***-**-1991,OR
84,504,Troy,Booth,12/27/1990,***-**-5141,OR
85,194,Stephanie,Ho,04/25/1983,***-**-3656,OR
86,567,Michele,Hendricks,03/10/1990,***-**-7341,OR
87,253,Eric,Harper,11/12/1986,***-**-2860,OR
88,407,Jonathan,Gomez,06/05/1993,***-**-4727,OR
89,82,Kevin,Garcia,11/25/1977,***-**-4722,OR
90,429,Howard,Lawson,04/13/1984,***-**-7664,OR
91,78,Stacy,Robertson,09/24/1974,***-**-0248,OR
92,167,John,Beck,07/27/1985,***-**-3635,OR
93,484,Julia,Morgan,03/18/1976,***-**-1731,OR
94,60,Allen,Leon,04/06/1975,***-**-9089,OR
95,400,James,Rios,03/04/1978,***-**-3987,OR
96,34,Ralph,Wells,10/19/1988,***-**-4237,OR
97,596,Megan,Chavez,10/08/1991,***-**-7659,OR
98,279,Ashley,Patrick,06/07/1974,***-**-0763,OR
99,466,Bonnie,Bowen,11/07/1993,***-**-5889,OR
100,327,Andrew,Lawson,04/05/1982,***-**-7313,OR
101,382,Tonya,Chavez,04/17/1984,***-**-5703,OR
102,369,Michelle,Larson,03/20/1980,***-**-3866,OR
103,347,Mark,Garrett,09/18/1985,***-**-4408,OR
104,25,Chelsea,Rivera,06/21/1987,***-**-0140,OR
105,317,Amanda,Krause,11/06/1977,***-**-4744,OR
106,321,Paige,Spencer,09/02/1991,***-**-8621,OR
107,193,Rhonda,Gonzales,06/07/1976,***-**-4110,OR
108,606,Jasmine,Kelly,06/30/1979,***-**-3251,OR
109,123,Amy,Sherman,08/04/1973,***-**-6029,OR
110,566,David,Arroyo,04/16/1975,***-**-9403,OR
111,409,Robert,Lin,11/12/1975,***-**-0121,OR
112,265,Paul,Wilson,06/19/1993,***-**-9871,OR
113,490,Paul,Meyers,03/13/1989,***-**-1680,OR
114,311,Jessica,Elliott,06/04/1978,***-**-1632,OR
115,537,Anthony,Richmond,10/05/1989,***-**-8935,OR
116,147,William,Rivera,03/08/1975,***-**-7032,OR
117,304,Sheri,Villegas,02/13/1985,***-**-8629,OR
118,472,Kelly,Hopkins,10/08/1984,***-**-6875,OR
119,348,Darren,Farrell,05/24/1991,***-**-5885,OR
120,91,Darlene,Harmon,05/05/1980,***-**-3052,OR
121,410,Rachel,Lyons,08/29/1972,***-**-0900,OR
122,344,David,Jacobs,02/28/1982,***-**-3682,OR
123,419,Christina,Weeks,10/15/1972,***-**-2028,OR
124,1,Andrea,Anderson,11/12/1984,***-**-5650,OR
125,532,Jennifer,Smith,01/31/1989,***-**-1748,OR
126,107,Shirley,Andrews,12/07/1981,***-**-5306,OR
127,166,Adrian,Rivera,02/13/1973,***-**-5638,OR
128,391,George,Mckinney,02/04/1984,***-**-7748,OR
129,67,Hailey,Boyd,11/17/1980,***-**-0270,OR
130,447,Tiffany,Harris,01/12/1983,***-**-9733,OR
131,653,Mary,Hunter,11/01/1977,***-**-6623,OR
132,294,Robert,Edwards,04/07/1980,***-**-5215,OR
133,416,Barbara,Lambert,09/07/1979,***-**-5353,OR
134,185,Angela,Armstrong,03/22/1990,***-**-2446,OR
135,637,Brett,Ward,09/27/1979,***-**-0204,OR
136,333,Troy,Sanchez,11/15/1990,***-**-2052,OR
137,579,Garrett,Carter,09/26/1988,***-**-7246,OR
138,215,James,Reeves,01/31/1988,***-**-1620,OR
139,152,Mary,Baker,07/08/1979,***-**-0954,OR
140,301,Alexandra,Bradley,06/13/1980,***-**-9390,OR
141,572,Aaron,James,03/25/1974,***-**-4596,OR
142,165,Thomas,Wood,08/21/1979,***-**-8269,OR
143,639,Charlene,Jackson,10/28/1989,***-**-8809,OR
144,405,Mary,Robbins,12/01/1975,***-**-9514,OR
145,390,Kayla,Washington,10/08/1985,***-**-6218,OR
146,641,Kimberly,Knapp,11/23/1992,***-**-1122,OR
147,51,Nicholas,Brown,09/18/1988,***-**-2869,OR
148,421,Rebecca,Marshall,05/06/1974,***-**-1020,OR
149,106,Mark,Smith,07/07/1979,***-**-5381,OR
150,379,Adam,Harrell,10/18/1981,***-**-0742,OR
151,76,Steve,Daniels,09/14/1980,***-**-3537,OR
152,68,Victoria,Potter,03/25/1988,***-**-4290,OR
153,118,Kathy,Preston,03/06/1990,***-**-9960,OR
154,127,Michael,Donaldson,01/01/1995,***-**-7624,OR
155,542,Brian,Bridges,02/22/1976,***-**-4546,OR
156,181,Martha,Gonzalez,01/17/1981,***-**-8342,OR
157,111,Paul,Rogers,01/10/1992,***-**-6284,OR
158,481,Dawn,Galvan,09/03/1989,***-**-8058,OR
159,568,Amber,West,01/19/1978,***-**-7363,OR
160,395,Christopher,Guerrero,01/29/1983,***-**-4036,OR
161,345,Stacy,Brooks,06/17/1991,***-**-4661,OR
162,438,Danielle,Kaiser,08/21/1975,***-**-9764,OR
163,403,Taylor,Boyle,09/26/1979,***-**-9756,OR
164,180,Donna,Howard,12/16/1978,***-**-3416,OR
165,616,Anne,Rios,11/26/1974,***-**-6513,OR
166,56,Theresa,Barnes,09/28/1976,***-**-2054,OR
167,153,Lori,Tate,03/08/1977,***-**-9123,OR
168,551,Alexandria,Baker,11/02/1974,***-**-3200,OR
169,135,Stephen,Hensley,09/30/1978,***-**-5372,OR
170,500,Jennifer,Fischer,11/19/1983,***-**-5609,OR
171,24,Pamela,Robinson,02/21/1981,***-**-4275,OR
172,81,Brendan,Gonzalez,08/02/1991,***-**-9993,OR
173,50,Richard,Turner,12/24/1982,***-**-9924,OR
174,328,Michael,Robinson,10/22/1973,***-**-2355,OR
175,402,Patricia,Sharp,07/13/1987,***-**-0306,OR
176,255,Elizabeth,Avila,03/15/1977,***-**-8453,OR
177,413,Christopher,Martinez,12/28/1978,***-**-8774,OR
178,507,Isaac,Woods,03/20/1984,***-**-6227,OR
179,62,Adriana,Wolf,10/17/1994,***-**-1702,OR
180,150,David,Pearson,06/14/1982,***-**-1781,OR
181,109,Matthew,Kramer,05/14/1988,***-**-4860,OR
182,310,Pamela,Archer,10/25/1987,***-**-2625,OR
183,243,Charles,Stout,12/05/1976,***-**-1997,OR
184,72,Daniel,Boyd,07/18/1978,***-**-1220,OR
185,608,Jimmy,Jones,02/19/1973,***-**-2030,OR
186,19,Rebecca,Hammond,02/21/1972,***-**-2706,OR
187,30,Emily,Diaz,12/04/1986,***-**-9174,OR
188,119,Chad,Wise,11/10/1988,***-**-1355,OR
189,162,Todd,Duran,01/14/1976,***-**-1832,OR
190,199,Brian,Mclaughlin,09/21/1987,***-**-2876,OR
191,187,Katherine,Rogers,05/13/1988,***-**-9500,OR
192,102,Joseph,Adams,01/18/1979,***-**-7778,OR
193,385,David,Lowery,10/21/1987,***-**-7963,OR
194,626,Janice,Young,07/07/1988,***-**-4863,OR
195,528,Anna,Matthews,02/09/1991,***-**-4474,OR
196,31,Katie,Garcia,03/22/1983,***-**-8462,OR
197,43,Maria,Estrada,04/30/1990,***-**-8108,OR
198,169,Ashley,Smith,07/16/1983,***-**-8720,OR
199,204,Amy,Wright,10/15/1991,***-**-8641,OR
200,494,Heather,Scott,08/20/1982,***-**-0361,OR
201,233,John,Anderson,05/30/1973,***-**-6681,OR
202,638,John,Anderson,01/07/1983,***-**-7935,OR
203,57,Kimberly,Harris,10/01/1988,***-**-5459,OR
204,648,Christopher,Smith,11/23/1976,***-**-2521,OR
205,192,Daniel,Singh,12/25/1980,***-**-7521,OR
206,73,Miranda,Nguyen,08/12/1981,***-**-2585,OR
207,477,Gregory,Simpson,07/09/1990,***-**-9365,OR
208,411,Daniel,Brown,04/19/1984,***-**-6526,OR
209,630,Susan,Thompson,05/17/1985,***-**-6074,OR
210,600,Rick,Johns,07/30/1984,***-**-7121,OR
211,634,Sean,Calhoun,07/31/1978,***-**-2261,OR
212,296,Alan,Holden,11/06/1994,***-**-6916,OR
213,154,Robin,Silva,07/14/1987,***-**-0453,OR
214,527,Nicole,Conrad,06/02/1985,***-**-6985,OR
215,635,Deanna,Russell,07/29/1972,***-**-9236,OR
216,229,Joshua,Bailey,07/20/1986,***-**-4031,OR
217,389,Daniel,Patrick,10/15/1972,***-**-8777,OR
218,220,William,Smith,06/04/1990,***-**-0654,OR
219,454,Kristin,Grant,08/23/1980,***-**-9693,OR
220,488,Kimberly,Velasquez,01/10/1989,***-**-4229,OR
221,41,Michael,Dalton,03/08/1994,***-**-2101,OR
222,522,Jason,Shaw,11/01/1985,***-**-4765,OR
223,269,Jonathon,Olson,07/08/1985,***-**-7767,OR
224,35,Andrea,Perry,02/01/1986,***-**-8897,OR
225,10,Anthony,Nguyen,10/09/1986,***-**-8472,OR
226,397,Anthony,Christensen,05/13/1983,***-**-8703,OR
227,45,Paul,Murphy,07/18/1975,***-**-9454,OR
228,210,Susan,Stewart,04/23/1989,***-**-2712,OR
229,197,Scott,Warren,06/24/1985,***-**-3723,OR
230,354,Jennifer,Avery,08/08/1987,***-**-5062,OR
231,552,Alexander,Vaughan,08/22/1988,***-**-8562,OR
232,414,Laura,Parker,12/05/1973,***-**-6879,OR
233,134,Derek,Harrington,09/15/1990,***-**-2836,OR
234,11,Daniel,Wells,08/27/1994,***-**-7268,OR
235,222,Kelly,Phillips,11/05/1987,***-**-1324,OR
236,442,Lauren,Bennett,06/05/1985,***-**-4874,OR
237,633,Aaron,Wolf,04/09/1978,***-**-1149,OR
238,361,Julia,Wright,09/04/1980,***-**-6702,OR
239,205,Cheryl,Dennis,06/16/1986,***-**-0712,OR
240,18,Donna,Lopez,02/22/1985,***-**-5711,OR
241,459,Matthew,Gibbs,06/12/1984,***-**-9698,OR
242,564,Nancy,Mitchell,02/02/1988,***-**-9365,OR
243,138,Ashley,Bullock,07/23/1983,***-**-5394,OR
244,356,Andrew,Moore,01/03/1982,***-**-5178,OR
245,479,Joseph,Martinez,10/05/1973,***-**-9409,OR
246,100,Yvette,Rodriguez,09/11/1985,***-**-8123,OR
247,451,Carrie,Barber,11/09/1977,***-**-3083,OR
248,432,Ashley,Sherman,10/01/1984,***-**-1501,OR
249,71,Craig,Garcia,08/18/1994,***-**-3695,OR
250,463,Jerome,Brown,07/10/1992,***-**-9456,OR
251,308,Kevin,Beck,03/29/1981,***-**-7304,OR
252,591,Travis,Hansen,07/28/1981,***-**-6746,OR
253,214,Rodney,Cook,12/15/1994,***-**-6232,OR
254,290,Theresa,Brown,02/20/1993,***-**-3478,OR
255,8,Wayne,Mercer,09/21/1989,***-**-7254,OR
256,182,Mary,Lee,04/12/1982,***-**-7361,OR
257,534,Matthew,Martin,07/12/1993,***-**-7803,OR
258,511,Lee,Weber,12/03/1988,***-**-9830,OR
259,32,James,Wilson,07/23/1977,***-**-7343,OR
260,289,Angela,Clark,04/20/1988,***-**-3392,OR
261,643,Allen,Flynn,07/25/1994,***-**-7573,OR
262,234,Darrell,Coleman,08/24/1992,***-**-4198,OR
263,618,Patrick,Wells,08/03/1979,***-**-3209,OR
264,246,Tyler,Beck,10/20/1986,***-**-1385,OR
265,546,Michelle,Jenkins,11/29/1977,***-**-8254,OR
266,455,Scott,Miller,09/27/1991,***-**-3580,OR
267,341,Maria,Mcmillan,09/07/1973,***-**-3730,OR
268,252,Amy,Waller,10/01/1980,***-**-8763,OR
269,351,Jacob,Thomas,03/31/1976,***-**-8896,OR
270,493,Amanda,Jones,07/31/1993,***-**-0691,OR
271,599,Edward,Padilla,10/09/1993,***-**-5222,OR
272,315,Debra,Best,02/20/1973,***-**-3320,OR
273,577,Gregory,Roberts,01/27/1986,***-**-4496,OR
274,415,Suzanne,Wheeler,05/19/1985,***-**-2982,OR
275,303,Ann,Lewis,01/14/1976,***-**-0619,OR
276,478,Michelle,Peterson,06/25/1984,***-**-2154,OR
277,313,Adam,Thomas,12/30/1982,***-**-1297,OR
278,4,Donna,Owens,09/26/1987,***-**-6696,OR
279,249,Pamela,Lyons,09/27/1972,***-**-3318,OR
280,649,Victor,Lopez,10/26/1987,***-**-3964,OR
281,565,Matthew,Miller,04/07/1979,***-**-3517,OR
282,513,Kevin,Foster,10/18/1985,***-**-5090,OR
283,516,Alyssa,Stokes,04/01/1973,***-**-2432,OR
284,545,Mark,Saunders,08/23/1973,***-**-2640,OR
285,38,Michael,Chapman,03/13/1977,***-**-6874,OR
286,309,Cole,Farrell,01/29/1993,***-**-7973,OR
287,578,Michael,Estrada,10/12/1994,***-**-2448,OR
288,178,Shaun,Martinez,12/11/1982,***-**-5793,OR
289,359,Victoria,Moon,01/06/1976,***-**-8604,OR
290,278,Brian,Peters,05/07/1982,***-**-3701,OR
291,292,Jose,Gonzalez,06/01/1992,***-**-9797,OR
292,87,John,Paul,11/20/1973,***-**-7180,OR
293,286,Stephanie,Smith,04/26/1978,***-**-1286,OR
294,221,Lisa,Wilson,11/09/1993,***-**-6950,OR
295,524,Cody,Duran,01/15/1973,***-**-6706,OR
296,453,Ann,Johnson,06/01/1981,***-**-9046,OR
297,468,Paula,Hernandez,10/12/1975,***-**-2951,OR
298,444,Patrick,Barber,07/21/1991,***-**-9891,OR
299,350,Dennis,Alvarado,11/27/1973,***-**-4378,OR
300,462,David,Peterson,06/27/1973,***-**-7312,OR
301,66,Tina,Williams,11/04/1987,***-**-7775,OR
302,495,Bridget,Koch,02/23/1973,***-**-9714,OR
303,586,Adrian,Hernandez,09/08/1993,***-**-5101,OR
304,457,Andrea,Potter,12/26/1983,***-**-6384,OR
305,392,David,Williams,07/07/1990,***-**-6350,OR
306,202,Katherine,Wright,05/10/1987,***-**-3109,OR
307,467,Kevin,Taylor,04/19/1979,***-**-2293,OR
308,627,Latoya,Mitchell,03/15/1991,***-**-3607,OR
309,367,Tricia,Smith,01/24/1992,***-**-7866,OR
310,244,David,Miles,11/26/1993,***-**-2657,OR
311,620,Gina,Hoffman,03/20/1990,***-**-4213,OR
312,642,Tamara,Whitney,09/21/1975,***-**-9208,OR
313,427,John,Garcia,04/14/1987,***-**-3993,OR
314,539,Craig,Nunez,06/13/1972,***-**-6566,OR
315,98,Desiree,Ross,07/07/1981,***-**-2608,OR
316,324,Samantha,Ramirez,08/11/1981,***-**-7086,OR
317,589,David,Patton,11/19/1978,***-**-9705,OR
318,339,Caroline,Lopez,08/09/1981,***-**-1325,OR
319,645,Karen,Malone,09/03/1985,***-**-5442,OR
320,355,Daniel,Wright,12/31/1989,***-**-3803,OR
321,541,Brent,Miller,01/14/1978,***-**-9692,OR
322,360,Mitchell,Meyer,08/31/1991,***-**-7666,OR
323,39,Annette,Flores,04/19/1977,***-**-3196,OR
324,305,Wendy,Hendrix,08/19/1983,***-**-6634,OR
325,474,Alexis,Cross,08/11/1983,***-**-3694,OR
326,571,Jeffrey,Jones,06/27/1981,***-**-1822,OR
327,372,Jessica,Walsh,06/01/1976,***-**-2907,OR
328,559,Sherry,Henderson,02/15/1991,***-**-3768,OR
329,521,Jennifer,Johnson,02/17/1978,***-**-3102,OR
330,583,Scott,Ellison,03/31/1977,***-**-8653,OR
331,329,Denise,Baldwin,04/06/1992,***-**-7350,OR
332,201,Rebecca,James,12/04/1980,***-**-1514,OR
333,276,Sean,Gonzales,08/11/1981,***-**-8838,OR
334,592,Mary,Chavez,04/27/1990,***-**-2834,OR
335,124,Ralph,Martinez,02/26/1980,***-**-4024,OR
336,133,Thomas,Stone,03/29/1973,***-**-8227,OR
337,314,Christopher,Anderson,07/01/1974,***-**-1835,OR
338,562,Allison,Garcia,02/08/1983,***-**-0105,OR
339,125,Charles,Hall,09/15/1982,***-**-7617,OR
340,625,Lawrence,Roach,04/03/1991,***-**-2080,OR
341,312,Christopher,Dougherty,03/29/1978,***-**-0986,OR
342,90,William,Small,08/05/1990,***-**-0642,OR
343,236,Samuel,May,03/30/1988,***-**-0970,OR
344,601,Brian,Lopez,02/13/1990,***-**-7558,OR
345,326,Amanda,Clark,07/23/1991,***-**-5043,OR
346,264,Cody,Taylor,11/13/1978,***-**-3700,OR
347,248,Sherry,Love,03/24/1975,***-**-8685,OR
348,485,Christine,Stone,11/07/1978,***-**-6503,OR
349,54,Kristy,Diaz,03/26/1988,***-**-1032,OR
350,2,Amy,Long,07/19/1982,***-**-7292,OR
351,298,Haley,Myers,03/20/1985,***-**-0757,OR
352,99,Michael,Holden,07/23/1975,***-**-7951,OR
353,186,Kelly,Ferrell,01/21/1982,***-**-2299,OR
354,593,Rachel,Valdez,05/21/1985,***-**-0852,OR
355,557,Kristine,Roberson,03/18/1981,***-**-0956,OR
356,375,Vincent,Watson,12/15/1974,***-**-8997,OR
357,460,Elizabeth,Bailey,07/15/1979,***-**-7230,OR
358,496,Mark,Mcmillan,07/08/1976,***-**-2503,OR
359,487,Sheri,Long,06/06/1978,***-**-5166,OR
360,469,Daniel,Mccall,07/12/1987,***-**-5314,OR
361,340,Dawn,Malone,04/19/1979,***-**-2070,OR
362,363,Evan,Romero,08/25/1994,***-**-3334,OR
363,108,Paul,Adams,04/19/1992,***-**-5765,OR
364,357,Tracy,Holt,10/20/1988,***-**-1413,OR
365,293,Charles,Wheeler,02/11/1972,***-**-5781,OR
366,604,Ashley,Harris,08/09/1993,***-**-7070,OR
367,7,Roberto,Schmidt,02/07/1994,***-**-1763,OR
368,94,Margaret,Barton,10/10/1975,***-**-0973,OR
369,227,Michelle,Diaz,09/25/1993,***-**-4889,OR
370,486,Mike,Duncan,12/15/1988,***-**-8115,OR
371,613,Alexandra,Thomas,01/12/1994,***-**-6760,OR
372,603,Mark,Murillo,09/22/1976,***-**-9915,OR
373,332,Carol,Dyer,03/12/1989,***-**-5545,OR
374,587,Daniel,Williams,11/17/1989,***-**-9146,OR
375,602,Sandra,Suarez,09/20/1980,***-**-9548,OR
376,398,Sarah,Hamilton,07/20/1976,***-**-3104,OR
377,148,Sydney,Floyd,03/31/1981,***-**-0722,OR
378,223,Jonathan,Hall,07/01/1978,***-**-6672,OR
379,574,Jennifer,Kim,10/03/1976,***-**-9504,OR
380,588,Kenneth,Sanchez,10/30/1980,***-**-8921,OR
381,157,Joseph,Carroll,05/09/1975,***-**-5984,OR
382,175,Jennifer,Arnold,10/18/1976,***-**-4368,OR
383,473,David,Le,08/31/1976,***-**-5444,OR
384,29,Jeffrey,Clark,06/28/1978,***-**-0316,OR
385,334,Jeffery,Reed,07/19/1985,***-**-6338,OR
386,465,Laura,Kim,07/26/1974,***-**-3606,OR
387,92,Derek,Obrien,06/29/1990,***-**-6123,OR
388,470,Brooke,Bishop,12/18/1980,***-**-4107,OR
389,128,Peter,Miles,10/26/1976,***-**-3367,OR
390,77,Alex,Owen,10/07/1987,***-**-9252,OR
391,530,Michael,Fowler,08/28/1990,***-**-3995,OR
392,270,Katherine,Rose,01/19/1976,***-**-0446,OR
393,251,Daniel,Waller,04/23/1974,***-**-0011,OR
394,277,Ronald,Johnson,09/19/1973,***-**-8871,OR
395,346,Austin,Gutierrez,06/25/1979,***-**-0203,OR
396,238,Brandon,Chang,05/14/1984,***-**-6687,OR
397,143,Alexander,Murphy,05/05/1984,***-**-0664,OR
398,461,Stephanie,Mendoza,03/22/1977,***-**-8308,OR
399,5,Gregory,Moore,02/10/1982,***-**-6226,OR
400,117,Jonathan,Mendoza,12/30/1989,***-**-0262,OR
401,396,Michelle,Phillips,09/17/1988,***-**-2345,OR
402,517,Justin,Morgan,03/17/1976,***-**-5133,OR
403,228,Michael,Hubbard,09/09/1978,***-**-8972,OR
404,576,Travis,Little,05/14/1992,***-**-6995,OR
405,482,Susan,Kennedy,12/19/1988,***-**-4558,OR
406,611,Emily,Mcgrath,11/10/1973,***-**-7640,OR
407,288,Sandra,Griffin,11/13/1988,***-**-6533,OR
408,322,Jessica,Sullivan,01/07/1990,***-**-2665,OR
409,93,Timothy,Mendoza,06/09/1980,***-**-2367,OR
410,631,Amanda,Pearson,08/15/1979,***-**-9832,OR
411,95,Jeffery,Burnett,07/28/1984,***-**-4493,OR
412,225,Brian,Williams,01/12/1986,***-**-5701,OR
413,386,Randy,Dorsey,05/09/1974,***-**-0360,OR
414,272,Duane,Williams,10/14/1973,***-**-8818,OR
415,614,Colleen,Beasley,08/12/1977,***-**-3286,OR
416,262,Brian,Jackson,12/21/1985,***-**-9597,OR
417,110,Cynthia,Price,10/15/1991,***-**-6184,OR
418,501,Donald,Carter,07/16/1983,***-**-5922,OR
419,65,Lisa,Schmitt,04/23/1976,***-**-5980,OR
420,458,Dustin,Nichols,06/07/1977,***-**-9015,OR
421,224,Jay,Brown,04/24/1980,***-**-8736,OR
422,160,Beth,Lynch,02/13/1984,***-**-0814,OR
423,259,Mary,Mitchell,01/20/1982,***-**-3602,OR
424,547,Joshua,Rush,08/05/1986,***-**-2710,OR
425,358,Jillian,David,04/11/1973,***-**-4462,OR
426,652,Anthony,Delgado,09/19/1994,***-**-7837,OR
427,49,Meghan,Wilson,05/18/1988,***-**-4722,OR
428,437,Andrea,Montgomery,12/03/1991,***-**-6315,OR
429,536,Megan,Gray,10/12/1972,***-**-4006,OR
430,636,Sarah,Brooks,06/27/1991,***-**-6948,OR
431,330,Kaylee,Clark,05/29/1992,***-**-0753,OR
432,538,Joseph,Martin,04/13/1992,***-**-5396,OR
433,168,Donna,Rose,04/20/1989,***-**-1960,OR
434,480,Brandi,Sawyer,07/13/1979,***-**-9334,OR
435,543,James,Torres,01/19/1986,***-**-5026,OR
436,506,Jonathan,Malone,04/14/1984,***-**-9942,OR
437,80,Christine,Williams,08/15/1974,***-**-1974,OR
438,342,Christopher,Young,12/02/1988,***-**-1343,OR
439,364,David,Turner,02/13/1973,***-**-7108,OR
440,64,Gregory,Estes,10/04/1989,***-**-9235,OR
441,156,Shannon,Vaughn,12/27/1992,***-**-2444,OR
442,285,James,Mclaughlin,01/21/1981,***-**-1088,OR
443,79,Michael,Brown,01/13/1986,***-**-9682,OR
444,170,Jennifer,Crawford,07/21/1986,***-**-5861,OR
445,561,Michelle,Carr,06/22/1978,***-**-2759,OR
446,617,Andrew,Love,05/27/1991,***-**-9696,OR
447,515,Anna,Bennett,06/20/1977,***-**-6909,OR
448,644,William,Watts,10/12/1989,***-**-6883,OR
449,450,Cynthia,Williams,12/23/1978,***-**-5994,OR
450,216,Bruce,Miles,01/21/1982,***-**-0969,OR
451,88,Amanda,Wilson,05/23/1972,***-**-0767,OR
452,130,Joshua,Riley,11/08/1983,***-**-4874,OR
453,408,Carla,Torres,02/23/1987,***-**-7599,OR
454,105,Mark,Green,06/14/1977,***-**-6893,OR
455,580,Stephanie,Goodwin,02/25/1986,***-**-5702,OR
456,388,Cameron,Allen,01/02/1986,***-**-8341,OR
457,316,Harold,Li,05/11/1983,***-**-2966,OR
458,196,Sara,Curry,06/05/1984,***-**-1678,OR
459,366,Caroline,Wyatt,11/12/1979,***-**-7063,OR
460,331,Nicole,Perez,09/28/1982,***-**-1455,OR
461,63,Jacqueline,Garcia,01/31/1991,***-**-8953,OR
462,651,Alexander,Wright,04/18/1979,***-**-7263,OR
463,497,Heather,Farrell,01/11/1978,***-**-0338,OR
464,14,Joseph,Fernandez,06/01/1978,***-**-4971,OR
465,52,Timothy,Chandler,03/26/1978,***-**-3897,OR
466,456,Gregory,Jackson,06/06/1973,***-**-0058,OR
467,412,Thomas,Patterson,05/06/1977,***-**-4561,OR
468,283,Timothy,Suarez,01/12/1977,***-**-3073,OR
469,174,Jennifer,Jensen,03/09/1991,***-**-4293,OR
470,509,Andrew,Hogan,06/08/1990,***-**-5943,OR
471,254,Dale,Hartman,10/01/1993,***-**-9502,OR
472,531,Jennifer,Williams,02/27/1977,***-**-9054,OR
473,104,Antonio,Perez,02/09/1980,***-**-4115,OR
474,549,Joshua,Hicks,01/07/1985,***-**-4786,OR
475,183,Edward,Thompson,08/31/1994,***-**-8605,OR
476,612,Lee,Zamora,03/17/1979,***-**-3321,OR
477,492,Wyatt,Rivers,02/07/1984,***-**-5135,OR
478,27,Michelle,Reeves,11/23/1972,***-**-1066,OR
479,287,Joanna,Hopkins,04/17/1973,***-**-2714,OR
480,584,Joseph,Mitchell,05/18/1980,***-**-7441,OR
481,624,Ariel,Ray,09/11/1972,***-**-2732,OR
482,53,Shawn,Murray,10/30/1990,***-**-5217,OR
483,206,Jose,Spears,03/01/1976,***-**-2675,OR
484,211,Caroline,Mayer,05/03/1973,***-**-2487,OR
485,646,David,Weaver,08/11/1976,***-**-2750,OR
486,336,Kelly,Sullivan,04/12/1988,***-**-7284,OR
487,555,Kyle,Ramirez,05/30/1984,***-**-2839,OR
488,560,Carrie,Davis,06/20/1984,***-**-6558,OR
489,203,Catherine,Martinez,04/28/1990,***-**-6917,OR
490,217,Amanda,Lewis,12/05/1988,***-**-0504,OR
491,371,Katherine,Bailey,03/04/1994,***-**-3545,OR
492,605,Rodney,Smith,05/08/1975,***-**-3105,OR
493,337,Savannah,Saunders,05/12/1984,***-**-2473,OR
494,381,Claudia,Oneal,04/01/1987,***-**-9008,OR
495,508,Roy,Johnson,03/30/1984,***-**-6344,OR
496,58,Michelle,Smith,07/08/1982,***-**-6834,OR
497,401,Amanda,Haney,04/11/1983,***-**-9019,OR
498,163,Theresa,Fletcher,10/22/1992,***-**-0535,OR
499,548,Debra,Green,07/20/1988,***-**-5376,OR
500,161,John,Cox,12/11/1985,***-**-7739,OR
501,464,Beth,Harris,12/22/1982,***-**-5871,OR
502,476,Erica,Mcconnell,07/01/1981,***-**-0878,OR
503,208,Kimberly,Johnson,01/22/1992,***-**-4304,OR
504,378,Kyle,Aguirre,10/24/1973,***-**-4469,OR
505,654,Nicole,English,04/30/1977,***-**-9164,OR
506,585,Bonnie,Turner,04/01/1973,***-**-0208,OR
507,621,Maurice,Gillespie,09/07/1984,***-**-8509,OR
508,300,Corey,Adams,10/08/1988,***-**-2578,OR
509,640,Brett,Nelson,06/20/1986,***-**-3049,OR
510,297,Melody,Nelson,01/23/1979,***-**-1931,OR
511,209,James,Young,04/12/1980,***-**-8557,OR
512,320,Robert,Smith,04/14/1994,***-**-0748,OR
513,242,Caroline,Larson,05/05/1990,***-**-7178,OR
514,258,Megan,Robinson,03/24/1973,***-**-1601,OR
515,570,Shawn,Edwards,01/19/1978,***-**-4865,OR
516,417,David,Evans,09/15/1977,***-**-6773,OR
517,281,Julie,Price,01/20/1993,***-**-3599,OR
518,436,Briana,Webster,02/08/1978,***-**-3704,OR
519,441,Robin,Oconnor,02/27/1978,***-**-0782,OR
520,425,Albert,Davidson,01/20/1975,***-**-9182,OR
521,553,Mark,Chen,04/02/1989,***-**-3553,OR
522,266,Elizabeth,Lynn,02/25/1992,***-**-8647,OR
523,40,Tracy,Gonzalez,11/01/1983,***-**-4059,OR
524,609,Patricia,Fletcher,06/30/1979,***-**-2311,OR
525,471,Tammy,Salinas,12/29/1980,***-**-3850,OR
526,307,Roger,Wright,03/04/1974,***-**-3080,OR
527,353,Kelly,Castillo,04/13/1992,***-**-7622,OR
528,393,Charles,Kelley,04/14/1993,***-**-1133,OR
529,607,David,Johnson,06/23/1985,***-**-9729,OR
530,483,David,Cervantes,01/08/1983,***-**-0082,OR
531,370,Valerie,Lopez,04/10/1983,***-**-0441,OR
532,273,Sarah,Hayes,11/20/1984,***-**-8195,OR
533,141,Christina,Arnold,10/20/1979,***-**-2313,OR
534,338,Cynthia,Bennett,11/26/1973,***-**-7899,OR
535,15,Michelle,Huang,04/09/1983,***-**-8363,OR
536,120,Amanda,Dodson,03/04/1973,***-**-6056,OR
537,75,Jeff,Hawkins,08/10/1992,***-**-5606,OR
538,115,Patrick,Taylor,07/29/1991,***-**-5595,OR
539,629,Elizabeth,Howard,11/05/1984,***-**-2641,OR
540,299,Noah,White,04/30/1977,***-**-0897,OR
541,498,Caroline,Jackson,12/29/1983,***-**-4102,OR
542,445,Andrea,Wright,06/15/1978,***-**-8386,OR
543,582,Sara,Smith,01/02/1983,***-**-9188,OR
544,245,Jennifer,Rodriguez,04/23/1974,***-**-2538,OR
545,129,Deanna,Terrell,02/05/1990,***-**-5743,OR
546,544,Kristina,Summers,02/17/1989,***-**-3058,OR
547,377,Laura,Mercado,04/05/1974,***-**-9514,OR
548,155,Matthew,Kane,11/17/1990,***-**-9385,OR
549,440,Tamara,White,05/20/1980,***-**-6614,OR
550,550,Samantha,Thompson,06/04/1976,***-**-9230,OR
551,47,John,Mcmillan,03/02/1983,***-**-7301,OR
552,89,Andrea,Webb,12/11/1985,***-**-7815,OR
553,145,Lori,Odonnell,10/22/1989,***-**-2415,OR
554,554,Ronald,Huerta,12/13/1973,***-**-6058,OR
555,523,Chelsea,Foster,03/26/1974,***-**-4094,OR
556,499,Daniel,Lopez,09/07/1989,***-**-2639,OR
557,37,Jonathan,Jones,01/13/1977,***-**-7798,OR
558,384,Jessica,Gaines,04/23/1981,***-**-9332,OR
559,514,Timothy,Morris,06/16/1981,***-**-2962,OR
560,260,Donna,Campbell,07/14/1993,***-**-2369,OR
561,239,Tonya,Martinez,09/04/1972,***-**-7702,OR
562,420,Pamela,Moore,02/20/1980,***-**-9532,OR
563,380,Michelle,Ali,05/05/1993,***-**-3823,OR
564,387,Alexander,Gibson,10/27/1983,***-**-1036,OR
565,207,Jay,Smith,03/06/1985,***-**-6315,OR
566,318,Teresa,Watkins,07/27/1972,***-**-5707,OR
567,16,Bradley,Guzman,05/08/1980,***-**-2817,OR
568,61,Rhonda,Young,06/03/1979,***-**-2336,OR
569,280,Brandon,Davis,07/22/1977,***-**-1621,OR
570,13,Brandon,Farmer,08/10/1980,***-**-2601,OR
571,563,Barbara,Murphy,10/30/1989,***-**-9225,OR
572,569,James,King,04/21/1978,***-**-1432,OR
573,575,Drew,Kelly,03/25/1993,***-**-3264,OR
574,319,Virginia,Wise,02/18/1982,***-**-8887,OR
575,122,Mary,Hernandez,01/29/1990,***-**-5268,OR
576,520,Ryan,Russell,01/06/1975,***-**-3828,OR
577,489,Amanda,Smith,08/05/1989,***-**-3579,OR
578,136,Morgan,Dunn,07/13/1980,***-**-1601,OR
579,142,Kimberly,Shaw,06/11/1973,***-**-7577,OR
580,250,Kathleen,Klein,01/15/1990,***-**-3388,OR
581,383,Diana,Meyers,09/13/1972,***-**-4296,OR
582,650,Logan,Smith,03/26/1990,***-**-0194,OR
583,231,Tracy,Martin,05/03/1975,***-**-0726,OR
584,431,Edwin,Martin,02/13/1988,***-**-9168,OR
585,306,Kelly,Moran,07/14/1976,***-**-0670,OR
586,151,Robert,Smith,01/12/1987,***-**-2300,OR
587,519,Jane,Martinez,01/30/1991,***-**-3977,OR
588,172,Denise,Castillo,10/10/1983,***-**-0042,OR
589,121,Jonathon,Brock,04/30/1980,***-**-9917,OR
590,140,Amanda,Franco,09/24/1994,***-**-5413,OR
591,48,Heather,Robinson,11/20/1985,***-**-1929,OR
592,282,Kathryn,Stout,08/24/1987,***-**-9637,OR
593,42,Cory,Hopkins,03/13/1977,***-**-9491,OR
594,247,Ryan,Snyder,07/14/1982,***-**-9330,OR
595,59,Sara,Walker,08/16/1985,***-**-5423,OR
596,137,Daniel,Garcia,04/21/1979,***-**-3001,OR
597,257,Paul,Evans,06/25/1977,***-**-4302,OR
598,343,Elizabeth,Olson,01/22/1976,***-**-7163,OR
599,195,Ann,Romero,10/27/1989,***-**-4046,OR
600,268,Thomas,Jensen,02/23/1991,***-**-3430,OR
601,558,Brian,Davila,07/05/1982,***-**-3711,OR
602,70,Donna,Howard,03/31/1990,***-**-7432,OR
603,28,Kimberly,Massey,01/01/1981,***-**-4649,OR
604,132,Jeremy,Cross,11/22/1987,***-**-4632,OR
605,335,Dennis,Thomas,06/11/1989,***-**-5032,OR
606,349,Kenneth,Martin,08/24/1989,***-**-4681,OR
607,510,Tyler,Brewer,06/28/1972,***-**-9006,OR
608,36,Scott,Brooks,02/24/1972,***-**-4958,OR
609,430,Derrick,Fritz,12/05/1982,***-**-0071,OR
610,376,Christine,Munoz,11/17/1974,***-**-0149,OR
611,226,Julie,Robbins,11/23/1976,***-**-4571,OR
612,240,Rachel,Cook,03/03/1982,***-**-9042,OR
613,291,Kyle,Hoffman,12/25/1984,***-**-7692,OR
614,619,Nancy,Nguyen,07/05/1976,***-**-3939,OR
615,424,John,Wells,05/25/1993,***-**-3026,OR
616,212,Robert,Ellison,07/16/1979,***-**-9579,OR
617,263,Keith,Robinson,04/15/1978,***-**-3579,OR
618,443,Dennis,Osborn,11/15/1973,***-**-3531,OR
619,26,Ronald,Hays,12/21/1993,***-**-6430,OR
620,491,Leslie,Brown,06/15/1973,***-**-1806,OR
621,114,Maria,Chapman,12/20/1973,***-**-7300,OR
622,434,Melissa,Torres,03/22/1981,***-**-6921,OR
623,615,Joshua,Weaver,11/20/1982,***-**-7030,OR
624,525,Crystal,Martin,08/29/1993,***-**-0679,OR
625,44,Sheri,Ball,08/04/1991,***-**-7548,OR
626,475,Steven,Ritter,02/11/1986,***-**-8004,OR
627,529,Linda,Krause,12/22/1978,***-**-4382,OR
628,83,John,Myers,07/25/1989,***-**-1869,OR
629,275,Mark,White,09/09/1992,***-**-7830,OR
630,190,Diana,Smith,12/02/1973,***-**-3506,OR
631,423,Karen,Lyons,06/09/1990,***-**-9081,OR
632,581,Laura,Glenn,10/20/1992,***-**-1468,OR
633,177,Diana,Spence,09/20/1983,***-**-4751,OR
634,573,Samantha,Farley,07/10/1977,***-**-2351,OR
635,46,Kayla,Mitchell,10/13/1975,***-**-9155,OR
636,17,Crystal,Myers,12/31/1980,***-**-6532,OR
637,101,Brooke,Jones,04/09/1979,***-**-2606,OR
638,261,John,Mueller,03/22/1987,***-**-7849,OR
639,435,Karla,Rosales,07/10/1983,***-**-1729,OR
640,448,Jennifer,Brown,08/23/1977,***-**-0700,OR
641,597,Blake,Jimenez,09/10/1977,***-**-3810,OR
642,628,Michael,Garcia,11/05/1980,***-**-4294,OR
643,610,Jermaine,Quinn,12/24/1989,***-**-1754,OR
644,113,Patricia,Cruz,04/22/1976,***-**-3822,OR
645,235,Cameron,Mcintosh,02/01/1975,***-**-8921,OR
646,21,Michelle,Brewer,06/10/1988,***-**-6836,OR
647,362,Hannah,Nolan,09/15/1978,***-**-1332,OR
648,368,Erica,Johnson,05/27/1978,***-**-9413,OR
649,323,Jeremy,Obrien,01/13/1982,***-**-7592,OR
